asin,keyword_id_list
0974731544,[120959418]
B000JCV6L6,[120959424]
B0013E2ARI,[120959418]
B0016JI7KO,[120959047]
B0019GKDTM,[120959423]
B002882G68,[120959223]
B002BTPUO4,[120959047]
B002CRZY8W,[120959423]
B002KW71N0,"[120959419, 120959565]"
B002KWC996,[120959419]
B002T4S2PA,[120959418]
B003NGHVVO,[120959418]
B003NGJYT6,[120959222]
B003NGOM2A,[120959223]
B003UI6R4W,[120959047]
B003UIDJR0,[120959047]
B003XGCEB6,[120959423]
B003XGCHGI,[120959423]
B003XGEDII,[120959423]
B003XGG656,[120959423]
B003XGHZZQ,[120959423]
B003XGI0QY,[120959423]
B00400N4RW,[120959423]
B00450LI48,[120959223]
B00450LI70,[120959423]
B00450NHJC,[120959418]
B00450P4GG,[120959418]
B00450QQFE,[120959223]
B0047BX6EU,[120959418]
B0048GP25U,[120959418]
B004HOFRGC,[120959423]
B004S6A9IA,[120959424]
B004T6AGHS,[120959418]
B004WN7NPG,"[120959222, 120959223]"
B0055NRJLA,[120959047]
B005SI5PWM,[120959423]
B006YTYM8W,[120959423]
B0083A2YT4,[120959423]
B008NU3W6I,[120959223]
B00CKVOZHQ,[120959418]
B00D7H8YGA,[120959222]
B00II5RSR2,[120959423]
B00IN6ENWY,[120959537]
B00LGKZ38C,[120959423]
B00O3I4GUU,[120959047]
B00OMXN0Z8,[120959424]
B00VF2AWKU,"[120959222, 120959223]"
B00VF2BASI,"[120959418, 120959222, 120959223]"
B00VGQYIGY,[120959418]
B00W3C1D9U,"[120959418, 120959223]"
B00W6C1BSK,"[120959418, 120959222]"
B00X0P43HS,[120959423]
B00XTHFZFQ,[120959047]
B015N2NX3A,"[120959424, 120959423, 120959223, 120959047]"
B017OJCCUA,[120959419]
B018JRGUR2,"[120959420, 120959047]"
B01AWMOYX4,[120959423]
B01CITE89O,[120959423]
B01CIXC6Q2,[120959423]
B01CLSAT5E,[120959423]
B01CYLSC9I,[120959419]
B01CYLXCL6,"[120959419, 120959565]"
B01D0HA87Y,[120959423]
B01D0HAKKE,[120959423]
B01GVWZA4Q,[120959424]
B01HONDZ66,"[120959222, 120959223]"
B01KP195PY,"[120959424, 120959425, 121095972, 120959537, 120959420, 120959421, 120959422]"
B01KXSA0O4,[120959423]
B01LW2GK8U,"[120959425, 121095973]"
B01LWIAHBP,[120959222]
B01LXT760I,"[120959418, 120959222, 120959223]"
B01LXT76R2,[120959418]
B01LZRKDOP,[120959223]
B01LZRKEMH,"[120959418, 120959222, 120959223]"
B01M0QFJ48,[120959223]
B01M11Q19D,[120959222]
B01M129HSB,[120959223]
B01M2V5BBY,[120959047]
B01M7O31KD,[120959047]
B01MQ5RE5S,[120959223]
B01MS9566S,[121095972]
B01MUEDFK3,[120959565]
B01N0EWAVD,[120959420]
B01N2PGRFV,"[120959418, 120959223]"
B06W52HGSN,[120959423]
B06WWDPT63,"[120959422, 120959047]"
B06XGNHD7B,"[120959418, 120959223]"
B06XT1BDYV,[121095972]
B06XXJWBPJ,[120959222]
B0713Y47LJ,[120959047]
B071997HPY,"[120959418, 120959222, 120959223]"
B071ZLYHKG,[120959423]
B072C8R9YY,[120959423]
B074K6NQQB,[120959418]
B074LQHSP2,[120959418]
B074V9PB9B,"[120959418, 120959222, 120959223]"
B075HR1DPB,[120959418]
B075KMGJQD,[120959537]
B075L98CRK,[120959418]
B07693FD22,"[120959222, 120959223]"
B07693RHDC,"[120959222, 120959223]"
B07693TPG6,"[120959418, 120959222, 120959223]"
B077BVKGVD,[120959222]
B077BXWN2W,[120959418]
B07886S432,[120959047]
B07887FDQ4,[120959047]
B07887KKJR,[120959047]
B07887R69C,[120959047]
B0788D46MN,[120959047]
B078T4CCQ9,[120959047]
B07B1F4Z33,"[120959419, 120959565]"
B07B43NZGB,[120959047]
B07B43WDY1,[120959047]
B07B447QR7,[120959047]
B07B44BMFN,[120959047]
B07B4MT7F1,[120959047]
B07B4NK8LH,[120959047]
B07B5PQ3L9,[120959047]
B07BDHP48T,[120959222]
B07BDJ45HP,"[120959418, 120959222, 120959223]"
B07BFDF4N1,[120959047]
B07BFDGSB9,[120959047]
B07BMTSSTB,[120959537]
B07BT41JG8,"[120959424, 120959047]"
B07BTBLHM4,"[120959424, 120959537, 120959418, 120959420, 120959421]"
B07C1F86YK,[120959222]
B07C4S5KCG,[120959222]
B07CNP8R7F,"[120959222, 120959223]"
B07CX9TQNY,[120959047]
B07DNJ5VVS,"[120959418, 120959222, 120959223]"
B07DQRGJQ9,"[120959222, 120959223]"
B07F33HVL7,"[120959424, 120959537, 120959420, 120959047]"
B07GBDMF12,[120959425]
B07H1XFTH4,[120959222]
B07HXTFD8D,[120959423]
B07JG9LSBJ,[120959537]
B07JHPP5SN,[120959223]
B07LCVNPFK,[120959423]
B07M5B3KNS,[120959423]
B07MMM5BHP,[120959418]
B07MVLK8KB,[120959418]
B07N1HDXDF,"[121095972, 121095973]"
B07N1RS1PN,[120959537]
B07NLQ5FS3,"[120959419, 120959565]"
B07NRYCRL3,"[121095972, 121095973]"
B07NZ8P122,[120959537]
B07PM2K5VS,"[120959420, 121095972]"
B07PQMZJTK,"[120959222, 120959223]"
B07PRXMD8G,[120959418]
B07PRXY9Q2,"[120959418, 120959223]"
B07PRYCDYQ,[120959418]
B07PV6NJFH,"[120959424, 120959537, 120959420, 120959421, 120959422]"
B07PX9YR31,"[120959424, 120959537, 120959420, 120959421, 120959422]"
B07PZRYNH4,[120959423]
B07Q6ZWMLR,[121095980]
B07QKQT6RV,[120959537]
B07QLX7QRV,[120959537]
B07QR9M67M,[120959222]
B07QSFSL6K,[120959222]
B07R127HXV,[120959423]
B07R38FY1P,[120959423]
B07R3NYTQ9,[120959423]
B07RFRPFBG,"[120959424, 120959047]"
B07RRH271P,[120959537]
B07RSJZZ52,[120959537]
B07S1SF5XQ,[120959565]
B07S249394,[120959423]
B07SQXKPW2,"[120959424, 120959418, 120959420]"
B07T41FSHR,[120959223]
B07T6BZC9P,[120959222]
B07T86FDGM,[120959537]
B07T91KFMP,"[120959425, 120959418]"
B07VL2J4D7,"[120959418, 120959222, 120959223]"
B07VSQJP8G,"[120959418, 120959222, 120959223]"
B07W3DT2TL,[120959537]
B07X1Q6WJX,[120959047]
B07X6TMCQF,[120959418]
B07XCXL6SM,"[120959425, 121095972, 121095973, 120959423]"
B07XJWRL6R,[120959565]
B07XMMHKKW,[120959418]
B07XPKYDPR,[120959418]
B07XYDK5H5,"[121095972, 121095973]"
B07Y1NXXGB,[120959418]
B07YS4CXFJ,[120959418]
B07YX6JZ2L,[120959047]
B07YXBSC3J,[120959047]
B07YXC62GX,[120959047]
B07YXC8YNY,[120959047]
B07ZCQY3VF,"[120959418, 120959223]"
B081FJVPKP,[120959047]
B081FYN9QR,[120959047]
B081L2F8BL,[120959418]
B081MSYXRN,"[120959418, 120959223]"
B081MW23PG,[120959223]
B081YNKNTP,[121095980]
B082QK6JHT,[120959047]
B08336KZCL,"[120959425, 121095980]"
B083DJ9RVC,[120959423]
B084CSMW2Q,[120959537]
B085H215KP,[120959047]
B085H285F2,[120959223]
B085WGC265,"[120959222, 120959223]"
B08612CN2M,[120959047]
B0863SN8S1,[120959537]
B086QQ4K9B,"[120959424, 120959420]"
B087YWQXN9,[120959537]
B0888SR259,[120959418]
B088FRDXTX,[120959423]
B088JY7JTW,[120959047]
B088X3MJHF,"[120959537, 120959420, 120959421, 120959422]"
B08913SJDP,[120959565]
B089783VY1,[120959047]
B089CKNL5L,"[120959222, 120959223]"
B089CPS5N6,"[120959418, 120959222, 120959223]"
B089LSGXBR,[120959423]
B089MDNB23,[120959418]
B089S4QVLN,[120959423]
B089SRLV7C,[120959423]
B08B1NML8T,[120959423]
B08B6DP4RR,[120959222]
B08B6F6JK2,[120959418]
B08B7NH58H,[120959047]
B08BFVYD3Z,[120959418]
B08BHZ1895,[120959565]
B08BLPGSQ8,[120959047]
B08BLQD5K4,[120959047]
B08BTB2H2Y,"[120959424, 120959425, 121095972, 121095973]"
B08BZVRP95,"[120959418, 120959222, 120959223]"
B08CPTXV1S,[120959047]
B08DYZ5FCP,[120959418]
B08F7CXTHW,"[120959418, 120959222, 120959223]"
B08F7HS8PC,[120959047]
B08F9FXNGG,"[120959222, 120959223]"
B08F9RXFZ9,[120959423]
B08FF98CQR,[120959565]
B08FF9ZDFS,[120959419]
B08FQRBPHY,[120959047]
B08GL31NQS,"[120959537, 120959047]"
B08HMJQ4ZC,"[120959418, 120959222, 120959223]"
B08HXY48X5,[120959565]
B08J2LFYYH,[120959565]
B08J2Q8FVX,[120959565]
B08J5Q2L8S,"[120959425, 121095972, 121095973, 120959420, 120959421]"
B08JV3QN2Q,[120959419]
B08JYKBN1F,"[120959537, 120959420, 120959421, 120959422]"
B08LBB5M2J,"[120959418, 120959222, 120959223]"
B08LZQJMVW,[120959419]
B08LZRHC82,"[120959419, 120959565]"
B08MDQZXDW,"[120959418, 120959222, 120959223]"
B08MZ9DSHS,"[120959424, 120959420]"
B08PVC6964,"[120959418, 120959222, 120959223]"
B08QDVFTXR,[120959537]
B08QHZMZW3,"[120959425, 121095980]"
B08QSG3FRV,[120959537]
B08R84ZLPF,[120959047]
B08THP3ZBF,"[120959424, 120959420]"
B08TRR3FBY,[120959537]
B08VJ7MQR3,"[120959222, 120959223]"
B08W5H1ZQN,"[121095973, 120959047, 120959537, 120959420, 120959421, 120959423]"
B08W6B9X51,"[120959537, 120959423, 120959047]"
B08W7TCPT7,[120959423]
B08W7THXXS,[120959423]
B08W7XDRPK,[120959423]
B08W88PJT3,[120959423]
B08WPXDPSV,"[120959418, 120959223]"
B08X1HQ8MF,"[120959222, 120959223]"
B08X1L2CDK,"[120959425, 121095973]"
B08X1LD93B,"[121095972, 121095973]"
B08X1M9CT8,"[121095972, 121095973]"
B08X1P1MZS,"[121095972, 121095973]"
B08Y8FW72N,[120959418]
B08YR6SSCF,[120959222]
B08YRW7YK9,"[120959418, 120959222]"
B08Z7MVCJQ,[120959423]
B08ZJCKYJR,[120959223]
B091BWPTYL,"[120959424, 120959537, 120959420, 120959421]"
B091KJK3G2,"[120959424, 121095972]"
B091VQS214,[120959537]
B091Y1NXH9,[120959423]
B092R6K663,[120959047]
B0937HFSBT,[120959047]
B093LHM2HC,[120959424]
B093R3T7JH,[120959419]
B093TM8VQ8,[120959047]
B093TPW2HH,[120959537]
B093Z452T8,[120959047]
B0957XZ9MC,[120959423]
B095J1B6NL,[120959420]
B095QR8ZGJ,[120959537]
B095QX1FSR,[120959420]
B0966TT9D7,[120959047]
B096HBT21R,[120959425]
B096T5XNMD,[120959047]
B096VPMJ6X,[121095980]
B096XK4NTB,"[120959418, 120959421, 120959423]"
B096ZBYQBX,[120959047]
B097C88HS5,[120959424]
B097D55C3J,[120959565]
B097D5YP3B,[120959565]
B097NJTJVX,[120959419]
B097NM5BN7,[120959419]
B097NP8DSG,"[120959419, 120959565]"
B097R6G4CG,"[120959418, 120959222]"
B097RYG3SM,"[120959425, 121095973]"
B097RZMX9W,[121095972]
B097V3T251,[120959565]
B0987CZ2RC,[120959047]
B098B2G727,[120959565]
B098ML3P31,[120959565]
B098NL8ZHD,[120959537]
B098PM3YTG,[120959565]
B098T3J92T,[120959419]
B099LKGTP4,[120959424]
B099MJ4TSG,[120959223]
B099MSN9HT,[120959047]
B09C57F3GV,[120959565]
B09C5JRYZF,[120959418]
B09CKVDWVG,[120959424]
B09CYP72W8,[120959425]
B09DCT9GJ8,[120959047]
B09DG7W7V6,[120959537]
B09DK6WXCC,[120959419]
B09DKQVH3Q,[120959565]
B09DLJ37TW,"[120959424, 120959047, 120959537, 120959420, 120959422]"
B09FYGC69M,[120959423]
B09FYZ1FKD,[120959424]
B09GHRL21B,[120959418]
B09GLP62SS,"[120959424, 120959537, 120959420, 120959421, 120959422]"
B09GXT1ZLP,[120959537]
B09J1895C2,"[120959419, 120959565]"
B09JB4D989,[120959537]
B09JGSX9SC,"[120959418, 120959222, 120959223]"
B09KHM4PCJ,[120959423]
B09KR87MQT,"[120959421, 120959422]"
B09L1HFGJC,[120959419]
B09LHKDX3C,[120959047]
B09LVFVJMJ,[120959423]
B09LXQTMHJ,"[120959424, 120959422, 120959047]"
B09N7S3BCX,[120959423]
B09NVXL85F,"[120959424, 120959420]"
B09NZNBR8P,"[120959424, 120959537, 120959421, 120959422]"
B09P1VX16G,[120959047]
B09PX6LMZV,"[120959419, 120959565]"
B09PYJF7PW,[120959425]
B09Q4893L4,[120959419]
B09Q4FYXY1,"[120959419, 120959565]"
B09Q4J7585,"[120959419, 120959565]"
B09Q879KCW,[120959047]
B09Q8X7HR6,[120959537]
B09QGRBT9Z,[120959047]
B09QJDHDHV,[120959223]
B09QKW7BPP,"[120959418, 120959222, 120959223]"
B09S3JQPC3,[120959047]
B09SBP9JK3,[120959565]
B09SGNPR7C,[120959423]
B09TNQ74X4,"[120959537, 120959421]"
B09TVFV7TT,[120959047]
B09TVGTQDV,[120959047]
B09TVGZD26,[120959047]
B09TVNCMSG,[120959420]
B09V3H9F36,[121095980]
B09V3HL9CP,"[120959425, 121095980]"
B09VKWL8RZ,[120959418]
B09WF8WKDY,[120959425]
B09WRW5YFM,[120959565]
B09Y5PMJNY,[120959565]
B09YJ5H6BQ,"[120959425, 121095972, 121095973, 120959421, 120959422]"
B09YS7WCM7,[120959537]
B09YSLMPWG,[120959537]
B09YT4X6NG,[120959537]
B09Z13N3ZD,"[120959419, 120959565]"
B09Z1F8G52,"[120959419, 120959565]"
B09ZF8DQKJ,"[120959418, 120959222, 120959223]"
B0B16MWS4V,"[120959420, 120959421]"
B0B1D5VZDD,"[120959537, 120959420]"
B0B1D7R4SN,[120959222]
B0B1D8Y8DD,"[120959222, 120959223]"
B0B1J159TR,[120959222]
B0B1KNL3YY,[120959047]
B0B1L3FW7T,[120959419]
B0B1L6KGT1,[120959565]
B0B1LDG72K,"[120959418, 120959222, 120959223]"
B0B1LFH7TJ,[120959047]
B0B1LFXC9W,"[120959418, 120959223, 120959222, 120959047]"
B0B1LHJ8LV,"[120959418, 120959222, 120959223]"
B0B21348JT,[120959424]
B0B2BQSVPX,[120959419]
B0B2DMRQ7P,[120959565]
B0B2LV42PB,"[120959424, 120959537, 120959421, 120959422]"
B0B3GP5XYM,[120959565]
B0B3RC2TW7,"[120959222, 120959223]"
B0B446PYRW,[120959047]
B0B4FKHW9Z,[120959424]
B0B4NQ9FWY,[120959418]
B0B4S4TL5P,[120959047]
B0B56TMZ8X,"[120959419, 120959565]"
B0B5FT1QN6,[120959222]
B0B5FZZS4X,[120959223]
B0B5G2X6F1,[120959223]
B0B5K6MJX7,[120959222]
B0B5KYMD85,[120959222]
B0B5LB63Z2,[120959223]
B0B5LXJTT4,[120959223]
B0B5MS5QS9,"[120959222, 120959223]"
B0B5N3FK5H,"[120959222, 120959223]"
B0B5N427NV,[120959223]
B0B5NBT33S,[120959047]
B0B5NPXZX6,[120959222]
B0B61W1NPM,[120959425]
B0B61XGXYR,[120959425]
B0B6BSFYZK,[120959047]
B0B6D1MJ1S,[120959047]
B0B6RXHQB5,"[120959222, 120959223]"
B0B6WPKGZ5,"[120959419, 120959565]"
B0B6ZNLKMK,[120959047]
B0B6ZNXVRK,[120959047]
B0B6ZP6XYZ,[120959047]
B0B75G15RR,[120959223]
B0B75T95SM,"[120959418, 120959222]"
B0B7JGFBX5,[120959537]
B0B8892C95,"[120959424, 120959420, 120959423]"
B0B8D2LZZ1,[120959047]
B0B8DQLD75,"[120959419, 120959565]"
B0B913RYCH,[120959222]
B0B9DLL9X9,"[120959424, 121095972, 121095973, 120959047, 120959537, 120959420, 120959421, 120959422]"
B0B9WXKCF2,[120959421]
B0BBTCMLQC,[120959418]
B0BBTK631C,[120959418]
B0BBTPM25V,[120959047]
B0BDDMSVQ1,"[121095972, 120959047, 120959537, 120959420, 120959421, 120959422]"
B0BDT2XVRC,[120959047]
B0BFJMH485,[120959222]
B0BFJQ39FK,"[120959418, 120959222, 120959223]"
B0BG3W2CXC,[120959423]
B0BG6MWXF5,[120959418]
B0BGJJCS5P,"[120959420, 120959421]"
B0BGKW64XQ,[120959424]
B0BHXPF65Z,"[120959419, 120959565]"
B0BHYMLGCH,[120959565]
B0BJD98C17,"[120959425, 121095980]"
B0BJMCQXDY,"[120959424, 120959421, 120959422, 120959047]"
B0BJNVPVLK,[120959422]
B0BK4QVDVF,[120959047]
B0BK877N8M,[120959418]
B0BKKK27G5,[120959423]
B0BKLV4J92,[120959047]
B0BKPTT136,"[120959424, 120959537, 120959420, 120959421, 120959422]"
B0BKRWB3XW,"[120959418, 120959222, 120959223]"
B0BKSTVJ7N,[120959423]
B0BKY35RHT,"[120959424, 120959420, 120959422]"
B0BLCP5838,"[120959418, 120959222]"
B0BLD7FSHX,"[120959418, 120959223]"
B0BLHYR9VM,"[120959419, 120959565]"
B0BLJ7DKKX,[120959565]
B0BLJBYS8P,[120959423]
B0BLVJDPL5,[120959425]
B0BM51YRBG,"[120959419, 120959565]"
B0BMJR3ZV8,"[120959424, 120959420]"
B0BN4L2YNY,"[120959222, 120959223]"
B0BNLYHQNJ,[121095980]
B0BNNDT13J,[120959425]
B0BNNFXH8F,[120959425]
B0BNNGCKF1,[120959425]
B0BP7QZMV3,[120959047]
B0BP7STGFQ,[120959047]
B0BP8B8PPN,"[120959419, 120959565]"
B0BPHT32BY,[121095980]
B0BPJJWCRB,[120959423]
B0BPJK2LQZ,[120959423]
B0BPK173WL,[120959423]
B0BPMVDR44,[121095972]
B0BPWLLTWK,"[120959419, 120959565]"
B0BRB1X213,[120959047]
B0BRHTW2W5,"[120959537, 120959421, 120959422]"
B0BRJRHPG4,"[120959418, 120959222, 120959223]"
B0BRKPVZB4,[121095980]
B0BRTNJ6M4,[120959424]
B0BRW5LZ66,[120959418]
B0BRX9Z9M7,"[120959419, 120959565]"
B0BS75X18Y,[120959223]
B0BT55G6DB,[120959047]
B0BTDVZVJN,"[121095972, 121095973]"
B0BTFMGY2L,[120959537]
B0BTPZMCSF,"[120959425, 120959423]"
B0BTTDHKS7,[120959537]
B0BV6YQ1CQ,"[120959418, 120959223]"
B0BVD5Z3G2,[120959423]
B0BVFP6KXC,"[120959424, 120959537, 120959418, 120959420, 120959421, 120959422, 120959423]"
B0BVGLVTGN,[120959423]
B0BVLWRDFQ,"[120959419, 120959565]"
B0BWGF3XFW,[120959423]
B0BWNR147F,[120959424]
B0BWYBB6GL,[120959222]
B0BWYC2DRK,"[120959418, 120959222, 120959223]"
B0BX3XT6N1,"[120959537, 120959420, 120959421, 120959422]"
B0BX4KVWMC,[120959047]
B0BX4RTQS4,[120959424]
B0BXD7TL5V,[120959424]
B0BXFTMS6R,[120959419]
B0BXJSNF6L,[120959423]
B0BXJSSJ24,[120959423]
B0BXJT47XV,[120959423]
B0BY3M2RR7,[121095980]
B0BYC52LYP,[120959425]
B0BYF8T4JF,[120959425]
B0BYFBRMWP,[120959425]
B0BYFG1WJD,[120959423]
B0BYFJB9BC,[120959423]
B0BYG8Q188,[121095973]
B0BYH9X113,"[120959419, 120959565]"
B0BZB9B47Y,[120959425]
B0BZBCWSS7,[121095973]
B0BZBNFRVS,"[120959425, 121095980]"
B0BZGJGHTX,[120959424]
B0BZJMDXPG,"[120959424, 120959537, 120959422]"
B0BZNL681S,[120959423]
B0C14N4VFN,[120959223]
B0C1DL17P4,[120959419]
B0C1F84XKC,[120959423]
B0C1NBY2JK,[120959047]
B0C1R6TS24,"[120959424, 120959537]"
B0C1X9BQYC,[120959537]
B0C1YHFY8Y,[120959423]
B0C2977VVG,"[120959419, 120959565]"
B0C29DSYY4,[120959565]
B0C2BQMP3V,[120959047]
B0C2HVPD4V,"[120959419, 120959565]"
B0C2VL4BBJ,[120959418]
B0C2X467HF,"[120959222, 120959223]"
B0C2X6GHKP,"[120959222, 120959223]"
B0C2X736QB,"[120959419, 120959565]"
B0C2XJ8CWX,"[120959222, 120959223]"
B0C2ZTFFG9,[120959423]
B0C33DPML8,"[120959424, 120959537, 120959420]"
B0C36LXZWX,[120959565]
B0C373DXCF,"[120959418, 120959222, 120959223]"
B0C3H6P45P,[120959425]
B0C3L4YJRJ,[120959537]
B0C3RBK7VY,[120959425]
B0C3RCVW1T,"[120959425, 120959420, 121095980, 120959047]"
B0C41V3QJJ,[120959222]
B0C41VQ44X,[120959223]
B0C4686WVS,[120959047]
B0C46TMG7W,"[120959424, 120959420, 120959422]"
B0C4BZ7SQJ,[120959047]
B0C4CFB1ZQ,[120959423]
B0C4KDXKWL,[120959047]
B0C4KGMD99,[120959047]
B0C4PMSGSK,"[120959420, 120959421]"
B0C4TK653G,"[120959419, 120959565]"
B0C4TNKZFG,"[120959537, 120959420, 120959421, 120959422]"
B0C4TP5FN2,"[120959425, 121095980, 121095973]"
B0C4XY75M6,[120959425]
B0C549MG8Y,[120959423]
B0C549VS6H,[120959423]
B0C5MMQ27W,"[120959424, 120959422]"
B0C5WV4DCS,[120959425]
B0C65GM4GV,[120959419]
B0C6B76XKH,[120959537]
B0C6FCC8LL,[120959423]
B0C6N25Q2S,[120959537]
B0C6N2SML9,[120959537]
B0C6N8NCVL,[120959537]
B0C6YKC637,[120959425]
B0C6YMBFC8,[120959425]
B0C6ZG3C2W,"[120959419, 120959565]"
B0C77J1KNT,[120959420]
B0C7HGQLF7,"[120959420, 121095972]"
B0C7JH3GV5,"[120959425, 120959420, 121095972, 121095973]"
B0C7LLN2Z8,[120959423]
B0C7V1614W,[120959222]
B0C85V3MCF,[120959537]
B0C87HH11W,[120959423]
B0C8JWD5BH,[120959425]
B0C8JXXYR8,[120959425]
B0C99CFFBX,[120959047]
B0C9JLWTW1,[120959537]
B0C9LPJSHX,[120959423]
B0C9MHS5YR,[120959418]
B0C9N19JCQ,[120959423]
B0C9N1ZZQP,[120959423]
B0C9N29M4M,[120959423]
B0C9N2NBPN,[120959423]
B0C9T9Y5L8,[120959423]
B0CB14GP58,[120959223]
B0CB14WT31,[120959423]
B0CB75QJDV,"[120959418, 120959420]"
B0CBJ6FZK5,[120959418]
B0CBS4S97H,[120959047]
B0CC23CWG7,"[120959419, 120959565]"
B0CC8ZWWGL,"[120959424, 120959537, 120959420, 120959421, 120959422]"
B0CC9T18JX,"[120959419, 120959565]"
B0CC9VJWXB,[120959419]
B0CC9ZXCYJ,"[120959418, 120959419, 120959565]"
B0CCB15WGY,[120959565]
B0CCCDTKC4,[120959419]
B0CCFB52H3,"[120959419, 120959565]"
B0CCFBM1TZ,[120959565]
B0CCFCSQ39,[120959565]
B0CCFTLVMN,[120959565]
B0CCHNC1SG,"[120959419, 120959565]"
B0CCMQ63BC,"[120959424, 120959537, 120959420, 120959421, 120959422]"
B0CCMRZVNQ,[120959420]
B0CCMS8M73,"[120959537, 120959420]"
B0CCRNWGHZ,[120959047]
B0CCTN89RH,[120959418]
B0CCTQQWC4,"[120959419, 120959565]"
B0CDGL85VG,[120959418]
B0CDNT4JHT,[120959423]
B0CF1PS7W4,[120959418]
B0CF2656JS,[120959418]
B0CF5GXZD4,[120959425]
B0CF9THQDK,"[120959424, 120959425, 121095973, 120959047, 121095980, 120959222, 120959223, 120959418, 120959420, 120959421, 120959422, 120959423]"
B0CF9VQ8PC,"[120959425, 121095972, 120959047, 121095980, 120959418, 120959420, 120959423]"
B0CFZDMZ64,"[120959418, 120959223]"
B0CFZGCCC6,"[120959418, 120959223]"
B0CG7RGX84,[120959419]
B0CGLZR57T,"[120959425, 121095980]"
B0CGM4BF7N,"[120959418, 120959222, 120959223]"
B0CGNH9K5W,[120959418]
B0CGV6QYSS,"[120959418, 120959419, 120959565]"
B0CGVK9PST,[120959565]
B0CGW1G9Z5,"[120959419, 120959565]"
B0CGW22T77,[120959419]
B0CGW2J264,"[120959419, 120959565]"
B0CGWM7K74,[120959565]
B0CGWW6H26,[120959419]
B0CH17YRG8,[120959418]
B0CHB2V5WB,[120959418]
B0CHS7ZZJ6,"[120959418, 120959222, 120959223]"
B0CHSH5PGC,"[120959419, 120959565]"
B0CHSL39JL,"[120959419, 120959565]"
B0CHYV5KL6,[120959418]
B0CHZ6BZNH,[120959565]
B0CJ2NLQNV,[120959420]
B0CJ4LJRFT,"[120959537, 120959422]"
B0CJ4XJ57H,[120959565]
B0CJ6Z7TJ9,[120959537]
B0CJ86SJ5F,"[120959419, 120959565]"
B0CJ8PJZ5G,"[120959420, 121095972, 120959421, 120959423]"
B0CJ8Q3L3T,"[120959420, 121095972]"
B0CJ96VPLC,[120959424]
B0CJBD2KZV,[120959423]
B0CJDBTHJX,"[120959424, 120959420]"
B0CJJHJS15,[120959423]
B0CJJKJPGP,[120959223]
B0CJKGXC2Y,[120959419]
B0CJKJ4Y5Z,"[120959419, 120959565]"
B0CJKNJVYK,"[120959419, 120959565]"
B0CJKNXJKW,"[120959419, 120959565]"
B0CJKPBXQP,"[120959419, 120959565]"
B0CJKQ1CJV,[120959565]
B0CJKVTSZV,[120959419]
B0CJKWNZF3,[120959419]
B0CJL4NG61,"[120959419, 120959565]"
B0CJMYL3Q6,[120959565]
B0CJMZ6RLX,[120959565]
B0CJN127RF,"[120959419, 120959565]"
B0CJN1KLSN,"[120959419, 120959565]"
B0CJNQ1DF1,[120959421]
B0CJR43YSW,[120959423]
B0CJTB1ZXG,[120959047]
B0CJTFFJ2C,"[120959537, 120959420, 120959421, 120959422]"
B0CJXHNX2V,[120959423]
B0CKC13RZY,[120959419]
B0CKFCZRRN,[120959420]
B0CKHDXH9X,[120959047]
B0CKPZ1VPD,"[120959537, 120959422]"
B0CKQ5W9GT,[120959423]
B0CKRCWSDC,"[120959424, 120959537, 120959420, 120959421]"
B0CKRFQ7MN,"[120959222, 120959223]"
B0CKRHBXGP,[120959223]
B0CKRHPT72,"[120959222, 120959223]"
B0CKRWXHM5,[120959424]
B0CKWK6G2R,[121095980]
B0CKX67ZTD,[120959222]
B0CKXK9H64,[120959537]
B0CKY2SNL8,"[120959425, 121095980]"
B0CL3PCKQZ,"[120959419, 120959565]"
B0CL3ZRT7P,"[120959419, 120959565]"
B0CL3ZXB9K,[120959565]
B0CL3ZXBRZ,[120959565]
B0CL4WDM8H,"[120959418, 120959222]"
B0CL7JGZLD,[120959423]
B0CLH7DC2S,"[120959418, 120959222, 120959423]"
B0CLH7ZCJB,[120959222]
B0CLJ1YTV2,[120959565]
B0CLJ22F8V,[120959419]
B0CLJ25X4L,[120959419]
B0CLJ3BCBC,"[120959419, 120959565]"
B0CLJ3S2XJ,[120959419]
B0CLJ4J5CT,[120959565]
B0CLS9T3B5,"[120959418, 120959223]"
B0CLXT76G8,[120959420]
B0CLYVB7J3,[120959422]
B0CLYWSQHR,[120959418]
B0CM1WBN2V,[120959222]
B0CM434KJR,[120959423]
B0CM8SYW4L,[120959537]
B0CMQ9CQRT,[120959419]
B0CMQC64HN,"[120959419, 120959565]"
B0CMQCQ68D,"[120959419, 120959565]"
B0CMSRNKNM,[120959419]
B0CMTYMKWR,[120959418]
B0CMXVMH9S,[120959047]
B0CN4QYX6H,[120959423]
B0CN54KHP1,[120959565]
B0CN5PT3NN,"[120959419, 120959565]"
B0CN5QGHSQ,[120959419]
B0CN8HLTDW,"[120959419, 120959565]"
B0CN8KLCNQ,"[120959419, 120959565]"
B0CN8S11GT,[120959565]
B0CN8XBS4S,[120959222]
B0CNC7LWQQ,[120959419]
B0CNC9R9L2,[120959565]
B0CNCCFZJJ,[120959565]
B0CNCDRPTQ,"[120959419, 120959565]"
B0CNHG5LTX,"[120959419, 120959565]"
B0CNJQZD96,[120959423]
B0CNRHJXQK,[120959537]
B0CP7J7GNQ,[121095980]
B0CP7NQ37P,[120959047]
B0CP7NSH37,"[120959424, 121095973, 120959047, 120959222, 120959223, 120959418, 120959420, 120959423]"
B0CPBXWV7Z,[120959423]
B0CPFTFJ1T,"[120959418, 120959223]"
B0CPHZL45F,[120959421]
B0CPJRSDZZ,[120959565]
B0CPL4YYD6,"[120959418, 120959223]"
B0CPSQVC3Q,[120959420]
B0CPT7WFWZ,"[120959424, 120959537, 120959420, 120959422]"
B0CQ25HFQD,[120959565]
B0CQ4MJH5B,[120959418]
B0CQ7YXWFC,[120959565]
B0CQ88H349,"[120959424, 120959537]"
B0CQ891725,"[120959424, 120959422]"
B0CQ8NXWZM,"[120959423, 120959425, 120959047]"
B0CQ8QNJ3B,"[120959423, 120959425, 120959047]"
B0CQDX1824,[120959223]
B0CQJRJ7Z6,"[120959419, 120959565]"
B0CQJV9HK7,[120959419]
B0CQK69BYF,[120959565]
B0CQP5FT25,[120959537]
B0CQP84FDL,[120959537]
B0CQP885GZ,[120959537]
B0CQPMLDTS,[120959420]
B0CQVM14ZX,[120959424]
B0CQX9RGXZ,[120959047]
B0CQY437HD,"[120959418, 120959222, 120959223]"
B0CQZ4DZVW,"[120959419, 120959565]"
B0CR5LY2WS,[120959047]
B0CR5MXQL8,"[120959419, 120959565]"
B0CR5V989D,"[120959424, 120959537, 120959418, 120959421]"
B0CR6XXMH6,[120959419]
B0CR6ZGR63,[120959419]
B0CR7V8XW8,[120959223]
B0CR7VMJ1S,"[120959418, 120959222, 120959223]"
B0CRB8MXMB,[120959418]
B0CRGHYLGV,[120959423]
B0CRHYCYXM,"[120959425, 121095980]"
B0CRJXMZ3Z,"[120959420, 120959421, 120959422]"
B0CRYCW5ZV,"[120959418, 120959222]"
B0CRYPH4TY,"[120959418, 120959222]"
B0CRZFGZVQ,"[120959424, 120959420]"
B0CS67BLD5,[120959423]
B0CSDCF6WY,[120959423]
B0CSJQDDHH,[120959425]
B0CSJY2KW9,[120959418]
B0CSK7TNPY,[120959565]
B0CSKPFBQX,[121095973]
B0CSMTT51J,"[120959418, 120959222, 120959223]"
B0CSN5M8D5,[120959424]
B0CSTH731J,[120959047]
B0CSXYLMLZ,"[120959424, 120959537]"
B0CSY8CKPJ,[120959047]
B0CSYMRDMJ,"[120959537, 120959421]"
B0CT92JZQS,[120959565]
B0CTC6FVTP,[120959425]
B0CTF8Z1S7,[120959537]
B0CTGFXLXS,[120959418]
B0CTJ5JF2J,[120959419]
B0CTJ5LVT4,"[120959419, 120959565]"
B0CTJ6DH7F,"[120959419, 120959565]"
B0CTKY21J7,"[120959425, 121095973]"
B0CTM6QWNB,[120959424]
B0CTP56C5R,[121095980]
B0CTQ4SFLR,[120959223]
B0CTTCMQP5,[120959418]
B0CTTMSPND,[120959418]
B0CV9L87PM,[120959423]
B0CVFGYWFZ,"[120959418, 120959222, 120959223]"
B0CVM8TXHP,[120959422]
B0CVNQN823,"[120959424, 120959222]"
B0CVQVVF2J,[120959047]
B0CVS6X9J4,"[120959418, 120959222, 120959223]"
B0CW1LPH5R,[120959418]
B0CW53VSNY,[120959423]
B0CW6L2LGZ,[120959424]
B0CWGVCXW1,[120959424]
B0CWL77PTC,"[120959419, 120959565]"
B0CWNTY2WL,"[120959222, 120959223]"
B0CWRDKD5L,"[120959418, 120959222]"
B0CWS9VM9B,[120959565]
B0CWSB61GX,[120959565]
B0CWSBV6X2,[120959565]
B0CWSCH9WV,[120959565]
B0CWSCT5N5,[120959565]
B0CWSCZVZ2,[120959565]
B0CWV2N5TM,[120959423]
B0CX18RZG5,[120959418]
B0CX1CLFPL,[120959423]
B0CX2TFJPY,"[120959424, 120959423, 120959425, 120959047]"
B0CX2VQ9GX,"[120959423, 121095980, 120959425, 120959047]"
B0CX5PXKNJ,"[120959425, 120959420, 121095972, 121095980]"
B0CX5QBDFM,[120959425]
B0CX875SC3,[120959423]
B0CXQ2RK66,[120959047]
B0CXSP38RH,"[120959419, 120959565]"
B0CXXHP1W3,[120959223]
B0CY52WJDN,"[120959419, 120959565]"
B0CY5HFQ7K,[120959537]
B0CYPLD5Q6,"[120959424, 120959047, 120959420, 120959421, 120959422]"
B0CYRGCQJ4,"[120959423, 120959047]"
B0CYRHMXT8,"[120959423, 120959047]"
B0CYRRQ1GS,"[120959425, 120959047]"
B0CYRT1WFP,"[120959423, 121095980, 120959425, 120959047]"
B0CYXT6T7R,[120959418]
B0CZ4L1WL9,"[120959419, 120959565]"
B0CZ4L29YH,[120959419]
B0CZ4L7HLG,"[120959419, 120959565]"
B0CZ4LJ5MK,"[120959419, 120959565]"
B0CZ4LWVV6,"[120959419, 120959565]"
B0CZ4M8HH3,"[120959419, 120959565]"
B0CZ516QN7,[120959425]
B0CZ6PJDDW,[121095973]
B0CZ7636S4,[120959418]
B0CZ7M97D5,"[120959425, 121095980, 121095973]"
B0CZ8MPGLK,[120959425]
B0CZ9QCCSF,"[120959418, 120959423]"
B0CZF6XNMF,[120959419]
B0CZHNF78X,"[120959418, 120959423]"
B0CZP3PWFQ,[120959047]
B0CZP9JT67,[120959565]
B0CZPVF5BB,[120959419]
B0D12M4W7T,"[120959537, 120959420, 120959421, 120959422]"
B0D175LMMP,"[120959419, 120959565]"
B0D17T7YXJ,[120959423]
B0D17XY7DD,"[120959418, 120959222, 120959223]"
B0D18JQD2J,[120959419]
B0D18SCKRZ,[120959423]
B0D1BCKZTS,[120959418]
B0D1FQKTC3,[120959047]
B0D1G23RKS,"[120959418, 120959222, 120959223]"
B0D1KCW8HW,"[120959420, 120959422]"
B0D1QG9PNT,[120959565]
B0D1QVRL13,[120959419]
B0D1RBSB5R,[120959537]
B0D1RCGQN1,[120959537]
B0D212GD39,[120959565]
B0D21R1G1D,[120959423]
B0D22RB4SJ,[120959047]
B0D236XQKS,"[120959418, 120959222]"
B0D26FNSCY,[120959418]
B0D26TKPQ9,[120959423]
B0D2CQLPR2,"[120959418, 120959222]"
B0D2H2YXLL,[120959420]
B0D2KWRJWV,[120959423]
B0D2NW4KP7,[120959047]
B0D2P2GKKJ,[120959222]
B0D2P4NLCH,[120959222]
B0D2TN3GNX,[120959423]
B0D2VHP5JT,[120959419]
B0D2VP5V2S,[120959223]
B0D2XW2RM9,[120959537]
B0D2YYBJLJ,[120959419]
B0D36X3GH2,"[120959419, 120959565]"
B0D3771ZJK,[120959419]
B0D3D49RH4,[120959421]
B0D3DT9JFQ,[120959047]
B0D3GTQJDD,[120959047]
B0D3HTQ7QK,"[120959424, 120959421, 120959422]"
B0D3LM4VDJ,[120959423]
B0D3MBP4CV,"[120959418, 120959222, 120959047]"
B0D3S6FFZV,[120959420]
B0D3T2Q94Z,[120959537]
B0D3TDYTDW,[120959537]
B0D3TGGD89,[120959537]
B0D3THB142,"[120959423, 120959047]"
B0D3V9BDGV,[120959423]
B0D3X6FS1G,[120959537]
B0D3X8RFZN,"[120959419, 120959565]"
B0D3XBNXWJ,[120959565]
B0D3XBQCXQ,[120959565]
B0D3XMF1J6,"[120959419, 120959565]"
B0D45W1TJW,[120959222]
B0D45WV7J5,[120959424]
B0D45YWY1N,[120959223]
B0D46S83FB,"[120959418, 120959222, 120959223]"
B0D48MVBBJ,[120959423]
B0D48ZPFXP,[120959537]
B0D49H1MBD,"[120959419, 120959565]"
B0D49HYZX2,"[120959419, 120959565]"
B0D4C5QPL4,"[120959420, 120959421, 120959423]"
B0D4C9TWQX,[120959420]
B0D4CGXF1Y,"[120959418, 120959222, 120959223]"
B0D4DHFJLZ,[120959424]
B0D4G1X5L9,[120959419]
B0D4GF3B8Q,"[120959419, 120959565]"
B0D4MPN4DJ,"[120959420, 120959421]"
B0D4NKCD7S,"[120959425, 120959421, 120959047]"
B0D4QDZ24K,"[120959419, 120959565]"
B0D4VJDNBL,"[120959423, 120959223]"
B0D4VKPW34,"[120959418, 120959222, 120959423]"
B0D54CQLHD,[120959222]
B0D5BD7PGJ,[120959223]
B0D5BDBPSN,[120959418]
B0D5BM551L,[120959423]
B0D5FXGNS2,[120959418]
B0D5HCQLHY,[120959047]
B0D5HXCGJY,"[120959424, 120959537, 120959420, 120959421, 120959422]"
B0D5RQX1VK,"[120959424, 120959047, 120959537, 120959420, 120959421]"
B0D635YYQS,[120959423]
B0D6376ZYP,[120959418]
B0D67Y53MD,[120959223]
B0D684J2CM,[120959223]
B0D68F32CB,[120959223]
B0D6VGJHH4,[120959423]
B0D6W8J9N7,[120959423]
B0D6XDKP94,[120959418]
B0D6XNRQKL,"[120959425, 120959047]"
B0D6Z4C5SY,"[120959419, 120959565]"
B0D6ZNJZ3H,"[120959419, 120959565]"
B0D6ZX4SRY,[120959419]
B0D711FSCX,"[120959419, 120959565]"
B0D72DPLKS,[120959223]
B0D72VFNHF,"[120959419, 120959565]"
B0D72WPNXX,"[120959419, 120959565]"
B0D72XYD1Y,[120959423]
B0D72Y8BKZ,"[120959419, 120959565]"
B0D72Z6GWM,"[120959419, 120959565]"
B0D72ZRVPQ,[120959419]
B0D7323ZKX,[120959565]
B0D733DX35,[120959565]
B0D736F4SY,[120959423]
B0D739FCVG,"[120959419, 120959565]"
B0D73F2HHN,[120959423]
B0D73FTRCD,[120959419]
B0D745TF4J,[120959423]
B0D74R7GJ9,[120959047]
B0D77Z1YKX,[120959565]
B0D7KJ77P6,[120959222]
B0D7MHMSTH,[120959423]
B0D7NW6H7Z,"[120959419, 120959565]"
B0D7PW91B8,[120959423]
B0D7TXSS56,[121095980]
B0D7VXH2JJ,"[120959424, 120959537, 120959420]"
B0D7WK9XS9,[120959223]
B0D7WKPCR1,"[120959418, 120959222, 120959223]"
B0D7Z958NJ,[120959222]
B0D7ZCH28C,[120959420]
B0D7ZG4P2H,"[120959424, 120959420, 120959421, 120959422]"
B0D7ZMKRTS,[120959223]
B0D7ZRVD9X,[120959418]
B0D7ZSBV2F,[120959424]
B0D82BRC8W,[120959423]
B0D82QJTJD,[120959222]
B0D84JSWPR,[120959047]
B0D85VW3BQ,"[121095972, 121095973]"
B0D873TWBV,[120959423]
B0D89MMQMY,[121095980]
B0D8CZ6K3P,"[120959425, 120959418, 120959222, 120959223]"
B0D8D3ZJ4T,[120959537]
B0D8DM23Q2,"[120959418, 120959222, 120959223]"
B0D8HSR3C7,"[120959419, 120959565]"
B0D8JF3QXQ,"[120959425, 121095980]"
B0D8JPJFXJ,[120959537]
B0D8JRM34R,"[120959419, 120959565]"
B0D8JWPNCZ,"[120959420, 121095972, 120959421]"
B0D8JX67ZX,[121095980]
B0D8JX6SRP,[121095980]
B0D8KVZY5M,"[120959425, 120959047]"
B0D8LJQKBT,[120959422]
B0D8LK2747,[120959422]
B0D8LKW27C,[120959422]
B0D8LL8HSY,[120959422]
B0D8NRJ6RS,[120959565]
B0D8VWXN85,"[120959425, 121095972, 121095973, 120959418, 120959419]"
B0D8VXBKF1,[120959418]
B0D8VXCDJT,[120959418]
B0D8WMSF9R,"[120959418, 120959223]"
B0D8WQNS99,[120959420]
B0D8ZR4WND,[120959423]
B0D8ZRS3JK,[120959423]
B0D8ZRTJTC,[120959423]
B0D8ZS2G4B,[120959423]
B0D8ZT4ZRM,[120959423]
B0D92ZVHSL,[120959419]
B0D93TTYWZ,[120959565]
B0D94PL6M5,[120959423]
B0D95G3BQ8,[120959423]
B0D95Q3CN1,[120959423]
B0D9691PQV,[120959420]
B0D98X2QDF,"[120959419, 120959565]"
B0D9HZ9W37,"[120959424, 120959425, 120959423]"
B0D9JMQBP3,"[120959418, 120959222, 120959223]"
B0D9L79RWH,"[120959418, 120959222, 120959223]"
B0D9LNTPYG,[120959423]
B0D9LVTQ34,"[120959418, 120959222, 120959223]"
B0D9N1D9BM,[120959423]
B0D9N23PZW,[120959420]
B0D9P7T6CL,"[120959418, 120959222]"
B0D9P9P4WJ,[120959222]
B0D9P9Q3NY,"[120959418, 120959222]"
B0D9R5HQGQ,[120959423]
B0D9VCBTC7,"[120959418, 120959222, 120959223]"
B0D9W16DWX,"[120959418, 120959222, 120959223]"
B0D9WSQP4L,"[120959222, 120959223]"
B0D9XMBHG7,[120959423]
B0D9XQWDQ7,"[120959419, 120959565]"
B0D9XSLKXR,"[120959419, 120959565]"
B0D9XTP3CP,[120959419]
B0D9Y3D8CB,[120959565]
B0D9YSJ4HV,[120959423]
B0D9YVHDXY,"[120959419, 120959565]"
B0DB2Q4PDG,"[120959222, 120959223]"
B0DB4B2NV4,[120959418]
B0DB4GXRHH,"[120959418, 120959222, 120959223]"
B0DB4SKM5Z,[120959222]
B0DB5WYXB1,[120959423]
B0DB68KT6R,[120959423]
B0DB69YPSP,[120959423]
B0DB6B6BN9,[120959222]
B0DB6B8H19,[120959222]
B0DBDHG221,[120959419]
B0DBDJMGCQ,"[120959419, 120959565]"
B0DBFB5958,[120959419]
B0DBFBCC62,[120959419]
B0DBH2C9CM,"[120959419, 120959565]"
B0DBH2S1D7,"[120959419, 120959565]"
B0DBHM7WJC,[120959222]
B0DBLZK1CR,[120959423]
B0DBM2BLD2,[120959423]
B0DBPJL1LP,[120959423]
B0DBQ4Y57Q,[120959419]
B0DBQKB449,"[120959424, 120959047, 120959537, 120959420, 120959421, 120959422]"
B0DBSL3TLH,[120959418]
B0DBT57DCS,[120959419]
B0DBTVJFTP,[120959223]
B0DBXNMBY8,[120959418]
B0DC5PSPQ3,[120959223]
B0DC5PYKQR,[120959223]
B0DC5PYMDC,[120959223]
B0DC5QBDR3,"[120959222, 120959223]"
B0DC5QTNB9,"[120959222, 120959223]"
B0DC5RD3VL,"[120959222, 120959223]"
B0DC6P42CP,"[120959424, 120959422]"
B0DCBPWFSL,[120959423]
B0DCG1SWWS,[120959223]
B0DCRDK6N2,[120959418]
B0DCZJ7GLG,[120959419]
B0DCZMJPT9,[120959222]
B0DD1WDZXR,"[120959419, 120959565]"
B0DD1ZQMSV,[120959565]
B0DD23X4MP,[120959419]
B0DD5X6L1W,"[120959537, 120959420]"
B0DD7K1415,"[120959418, 120959047]"
B0DD94QSJ5,[120959425]
B0DD9JBGR7,[120959047]
B0DDB9C342,"[120959418, 120959222, 120959223]"
B0DDCJQRWM,"[120959537, 120959420, 120959222, 120959047]"
B0DDKP4ZVS,[120959047]
B0DDKSB8MW,[120959423]
B0DDL1BSC9,[120959420]
B0DDP3XD81,[120959419]
B0DDPHX8NW,"[120959537, 120959420, 120959421, 120959422]"
B0DDPQ2DPL,"[120959222, 120959223]"
B0DDPRKNX7,[120959418]
B0DDQ71SWS,[120959424]
B0DDQJ2MS1,[120959565]
B0DDR4CBQ4,[120959419]
B0DDTVZZD8,[120959223]
B0DDTY1QFF,[120959223]
B0DF6PSK12,"[120959418, 120959222]"
B0DF6QBCQG,"[120959418, 120959222]"
B0DF74F58V,[120959423]
B0DF7MLVVC,"[120959423, 120959047]"
B0DF7PDG7B,[120959047]
B0DFCKHGJ4,[120959565]
B0DFDM36BF,[121095980]
B0DFDM9HS5,"[120959418, 120959222]"
B0DFDSTTD4,[121095980]
B0DFDWSW3W,[121095980]
B0DFFWBRLL,[120959565]
B0DFGP44G7,[120959222]
B0DFJD2KS4,[120959419]
B0DFKH79GN,[120959419]
B0DFLMCR7M,[120959565]
B0DFLTYQ8Y,[120959422]
B0DFM3ZNVT,[120959420]
B0DFPLK87J,[120959423]
B0DFPQ2QKF,[120959222]
B0DFPS1SMV,[120959223]
B0DFQ461SR,"[120959421, 120959422]"
B0DFQ6L329,"[120959424, 120959421, 120959422]"
B0DFQ9DZS2,"[120959421, 120959422]"
B0DFW61YC6,[120959222]
B0DFW69DKV,"[120959418, 120959223]"
B0DFWC13QL,[120959420]
B0DFY8M5WB,[120959424]
B0DFYMK8NH,"[120959424, 120959420, 120959421, 120959422]"
B0DG2NK9PB,[120959047]
B0DG2QSSM1,[120959047]
B0DG2RQP5Q,[120959047]
B0DG2RTC4Z,[120959047]
B0DG2ZDWR2,"[120959537, 121095972, 120959421]"
B0DG63JKRL,"[120959424, 120959423, 120959420, 120959047]"
B0DG6RFY6P,[120959419]
B0DG82Q9FP,"[120959419, 120959565]"
B0DG84LP9J,[120959419]
B0DG85FVFT,[120959419]
B0DG8JP8DK,"[120959424, 120959537, 120959420]"
B0DG8NG5X6,[120959422]
B0DG8SBDWL,"[120959424, 120959537, 120959420]"
B0DGB7B693,[120959419]
B0DGCMT6VC,"[120959419, 120959565]"
B0DGPZJ578,"[120959419, 120959565]"
B0DGQ3P3Q7,[120959419]
B0DGQ61BCX,[120959419]
B0DGR23K4L,[120959419]
B0DGRFGB75,[120959423]
B0DGSR4W45,[120959537]
B0DGTYC9SD,"[120959424, 120959537, 120959421, 120959422]"
B0DGW5V5HL,"[120959425, 121095972, 121095973, 120959421]"
B0DGWPC6CZ,[121095973]
B0DH1ZFL6K,"[120959424, 120959537, 120959420, 120959421, 120959422]"
B0DH2ZPV8Q,[120959423]
B0DH5WB6XQ,[120959419]
B0DH5ZYJKK,[120959419]
B0DH62PBBX,[120959419]
B0DH6D4QL8,"[120959419, 120959565]"
B0DH7DKWLB,[120959565]
B0DHCV4TJ8,[120959418]
B0DHDHVZTM,"[120959419, 120959565]"
B0DHDJWBLZ,"[120959419, 120959565]"
B0DHDP9S4J,"[120959425, 120959047]"
B0DHDY5R54,"[120959425, 120959047]"
B0DHGJ8198,"[120959424, 120959537, 120959418, 120959420, 120959421, 120959422]"
B0DHKMVXXL,"[120959425, 121095980]"
B0DHKYD9HZ,[120959423]
B0DHLFR3PC,[120959420]
B0DHLGBDNX,[120959420]
B0DHQYYGBN,[121095980]
B0DHRTZS2N,[121095980]
B0DHRZDCL3,[120959423]
B0DHS54RLZ,"[120959424, 120959420]"
B0DHV1YX7K,[120959423]
B0DHV2HZLK,[120959423]
B0DHV33HY6,[120959423]
B0DHV3JZ9V,[120959423]
B0DHWWRX3R,[120959423]
B0DHWWSH6F,[120959423]
B0DHXYTSRF,[120959421]
B0DHYN1L2G,[120959418]
B0DHYXVMMB,[120959418]
B0DJ12T1ZK,[120959565]
B0DJ13HW6Z,"[120959419, 120959565]"
B0DJ13YQ7R,[120959419]
B0DJ149SGW,"[120959419, 120959565]"
B0DJ14MQ2Q,[120959419]
B0DJ15211D,"[120959419, 120959565]"
B0DJ15232X,"[120959419, 120959565]"
B0DJ15FLVQ,[120959565]
B0DJ16Q6S1,[120959565]
B0DJ2SKVY8,[120959222]
B0DJ2TSSZ7,[120959222]
B0DJ2TZBXD,[120959222]
B0DJ72JR7F,"[120959418, 120959222, 120959223]"
B0DJ8W21PF,"[120959424, 120959537, 120959422]"
B0DJ9MM5JY,"[120959418, 120959222, 120959223]"
B0DJDJYKQ2,[120959423]
B0DJLQ7WSQ,"[120959423, 120959420, 120959421, 120959047]"
B0DJQP59ZP,[120959537]
B0DJQQSMN9,"[120959537, 120959420]"
B0DJS7GGJ9,"[120959537, 120959422]"
B0DJVPSGFM,[120959423]
B0DJVQTG4D,[120959418]
B0DK159CLC,[120959423]
B0DK391XLL,[120959420]
B0DK3FGRXW,[120959423]
B0DK6H7HS7,[120959424]
B0DK6HCZ3P,"[120959419, 120959565]"
B0DK8DQ8WB,[120959423]
B0DKDVTPX3,"[120959424, 120959047, 120959537, 120959420, 120959421, 120959422]"
B0DKHKG3K5,[120959223]
B0DKK49B4F,"[120959419, 120959565]"
B0DKRT692J,"[120959419, 120959565]"
B0DL59H5KM,[120959419]
B0DL5CYVBG,[120959222]
B0DL5GGV82,"[120959418, 120959222]"
B0DL5KNWFB,"[120959418, 120959222, 120959223]"
B0DL9XGJ31,"[120959424, 120959420, 120959421, 120959422]"
B0DLJ5MQWY,"[120959424, 120959421, 120959423]"
B0DLLK8SDP,[120959565]
B0DLLLSKTX,[120959418]
B0DLT2CJ42,[120959418]
B0DLWLLJJL,"[120959421, 120959422]"
B0DLWLPNJD,[120959421]
B0DLWMZN6R,[120959423]
B0DM7ZP5F6,"[120959420, 120959421, 120959422]"
B0DMCBJR8J,"[120959424, 121095973, 120959047, 120959537, 120959420, 120959421, 120959422]"
B0DMFP5THX,"[120959419, 120959565]"
B0DMPRP2CC,[120959419]
B0DMPTNHCG,[120959419]
B0DMPWWRZX,[120959419]
B0DMPYFFGT,[120959419]
B0DMQH5DLR,[120959419]
B0DMQMHGYC,[120959419]
B0DMQNQ19L,[120959419]
B0DMQPB47G,[120959419]
B0DMTNSF9K,"[120959222, 120959223]"
B0DMV8MB8H,[120959223]
B0DNLRSBNS,[120959420]
B0DNLSDZZ7,[120959420]
B0DP5TD2CQ,[120959423]
B0DPXJ6T1T,[120959537]
